Title,Company,Location,Link
Lead Product Designer,MapLarge,"Atlanta, GA",https://stackoverflow.com/jobs/483731
Senior Mobile Developer (iOS) - Singapore,Zuhlke Engineering Singapore,Singapore,https://stackoverflow.com/jobs/310957
Senior Mobile Developer (Android) - Singapore,Zuhlke Engineering Singapore,Singapore,https://stackoverflow.com/jobs/424990
Sr. Front End Developer,Addison Group,No office location,https://stackoverflow.com/jobs/499637
Senior Data Scientist - Data Foundation,Spotify,"New York, NY",https://stackoverflow.com/jobs/499628
Cloud Architect,Elementor,"Ramat Gan, Israel",https://stackoverflow.com/jobs/469369
Big Data Engineer,Elementor,"Ramat Gan, Israel",https://stackoverflow.com/jobs/469366
Full Stack Team Leader,Elementor,"Ramat Gan, Israel",https://stackoverflow.com/jobs/469364
WM Software Engineer - Fullstack Developer - Bengaluru,"JPMorgan Chase Bank, N.A.","Bengaluru, India",https://stackoverflow.com/jobs/499573
Full stack developer - Java/Angular/Micro Services,"JPMorgan Chase Bank, N.A.","Hyderabad, India",https://stackoverflow.com/jobs/499569
"Asset Wealth Management, Change Mobilization, Global Fees Data Product Owner, VP","JPMorgan Chase Bank, N.A.","Newark, DE",https://stackoverflow.com/jobs/499550
Java  Software Engineer,"JPMorgan Chase Bank, N.A.","Plano, TX",https://stackoverflow.com/jobs/499540
"User Experience Designer (UX) - Associate, Bournemouth","JPMorgan Chase Bank, N.A.","Bournemouth, UK",https://stackoverflow.com/jobs/499536
Workforce Strategy - Product Lead,"JPMorgan Chase Bank, N.A.","Newark, DE",https://stackoverflow.com/jobs/499468
Workforce Strategy - Product Lead,"JPMorgan Chase Bank, N.A.","Columbus, OH",https://stackoverflow.com/jobs/499394
Full Stack Entwickler (Java/JavaScript) - innovative Rechnungsstellung (m/w/d),Haufe Group,"Freiburg im Breisgau, Deutschland",https://stackoverflow.com/jobs/457635
Senior Product/ UX Designer,LeadIQ,No office location,https://stackoverflow.com/jobs/422621
Software Engineer (Defense/Intel),Esri,"Vienna, VA",https://stackoverflow.com/jobs/396336
Product Engineer – Focused Geospatial Products,Esri,"Redlands, CA",https://stackoverflow.com/jobs/397333
"Principal Full-Stack Software Engineer, Customer Support Engineering",Rivian,"Palo Alto, CA",https://stackoverflow.com/jobs/469145
"Staff Full-Stack Software Engineer, Customer Support",Rivian,"Palo Alto, CA",https://stackoverflow.com/jobs/469144
Principal UI Engineer,Unusual Ventures,"San Jose, CA",https://stackoverflow.com/jobs/483711
Software Engineer - Java Developer- CT-RDT-Pricing,"JPMorgan Chase Bank, N.A.","Hyderabad, India",https://stackoverflow.com/jobs/499338
"AWM - User Experience Designer, Vice President","JPMorgan Chase Bank, N.A.","Jersey City, NJ",https://stackoverflow.com/jobs/499176
Senior Full Stack Developer – EMR Applications - US only,ClearCost Health,No office location,https://stackoverflow.com/jobs/483506
CT-RDT-Accounts- Java Developer - Mumbai,"JPMorgan Chase Bank, N.A.","Mumbai, India",https://stackoverflow.com/jobs/498752
Senior Backend Engineer at hyperexponential,Hyperexponential,"London, UK",https://stackoverflow.com/jobs/457466
Senior Fullstack Web Engineer (Contract),Mav Farm,No office location,https://stackoverflow.com/jobs/482421
Java Developer/Architect,"JPMorgan Chase Bank, N.A.","Hyderabad, India",https://stackoverflow.com/jobs/499142
Java Developer,"JPMorgan Chase Bank, N.A.","Hyderabad, India",https://stackoverflow.com/jobs/499140
Full stack developer - Java/Angular,"JPMorgan Chase Bank, N.A.","Hyderabad, India",https://stackoverflow.com/jobs/499139
Java Developer,"JPMorgan Chase Bank, N.A.","Hyderabad, India",https://stackoverflow.com/jobs/499137
CT- Legal Technology -Java/UI Developer (Full Stack),"JPMorgan Chase Bank, N.A.","Bengaluru, India",https://stackoverflow.com/jobs/499124
Full Stack Java Software Engineer,"JPMorgan Chase Bank, N.A.","New York, NY",https://stackoverflow.com/jobs/499073
"UX Design Director - Executive Director, Bournemouth","JPMorgan Chase Bank, N.A.","Bournemouth, UK",https://stackoverflow.com/jobs/499068
CT-RDT-Accounts- Java Developer-Hyderabad,"JPMorgan Chase Bank, N.A.","Hyderabad, India",https://stackoverflow.com/jobs/498980
Software Engineering,"JPMorgan Chase Bank, N.A.","Mumbai, India",https://stackoverflow.com/jobs/498973
"Sales and Research Tech, EWS Java Developer, Associate","JPMorgan Chase Bank, N.A.",Singapore,https://stackoverflow.com/jobs/498964
"Principal Software Engineer, Full Stack (Order Squad)",Rivian,"Palo Alto, CA",https://stackoverflow.com/jobs/468537
CT-RDT-Client-Java Developer- Mumbai,"JPMorgan Chase Bank, N.A.","Mumbai, India",https://stackoverflow.com/jobs/498907
Full stack developer,"JPMorgan Chase Bank, N.A.","Jersey City, NJ",https://stackoverflow.com/jobs/498890
CT-Legal Tech- Java Developer-Hyderabad,"JPMorgan Chase Bank, N.A.","Hyderabad, India",https://stackoverflow.com/jobs/498888
CT-Legal Tech- Java Developer-Hyderabad,"JPMorgan Chase Bank, N.A.","Hyderabad, India",https://stackoverflow.com/jobs/498887
Web Front End Developer,"JPMorgan Chase Bank, N.A.",Hong Kong,https://stackoverflow.com/jobs/498845
CT-RDT-Instrument- Java Developer-Hyderabad,"JPMorgan Chase Bank, N.A.","Hyderabad, India",https://stackoverflow.com/jobs/498754
CT-RDT-Doc.Mgmt-PYTHON/JAVA-Mumbai,"JPMorgan Chase Bank, N.A.","Mumbai, India",https://stackoverflow.com/jobs/498753
CT-RDT-Doc.Mgmt- Anugular UI  Developer-Mumbai,"JPMorgan Chase Bank, N.A.","Mumbai, India",https://stackoverflow.com/jobs/498733
Senior UX Designer,"JPMorgan Chase Bank, N.A.","Palo Alto, CA",https://stackoverflow.com/jobs/498713
Frontend/NextJs (JS/TS) Web Developer,Prezly,No office location,https://stackoverflow.com/jobs/468525
Ruby Engineer,Bold Penguin,No office location,https://stackoverflow.com/jobs/482945
Conversation Designer,Apple,"Cupertino, CA",https://stackoverflow.com/jobs/498700
Ruby Engineer,Bold Penguin,No office location,https://stackoverflow.com/jobs/191831
Conversation Designer,Apple,"Cupertino, CA",https://stackoverflow.com/jobs/498702
Conversation Designer,Apple,"Cupertino, CA",https://stackoverflow.com/jobs/498701
Conversation Designer,Apple,"Cupertino, CA",https://stackoverflow.com/jobs/498699
Frontend React Developer (m/f/x),Alasco,"München, Germany",https://stackoverflow.com/jobs/388313
VueJS FE Developer,Cycloid,No office location,https://stackoverflow.com/jobs/457236
Mid Senior VueJS Frontend dev (remote friendly),Cycloid,"Paris, France",https://stackoverflow.com/jobs/457234
Angular Frontend Developer (m/w/d),T-Systems Multimedia Solutions GmbH,"Leinfelden-Echterdingen, Deutschland",https://stackoverflow.com/jobs/482912
Full stack developer - Java/Angular,"JPMorgan Chase Bank, N.A.","Hyderabad, India",https://stackoverflow.com/jobs/498639
Full stack developer - Java/Angular,"JPMorgan Chase Bank, N.A.","Hyderabad, India",https://stackoverflow.com/jobs/498638
CT-RDT-Accounts- Java Developer-Mumbai,"JPMorgan Chase Bank, N.A.","Mumbai, India",https://stackoverflow.com/jobs/498520
Software Engineering,"JPMorgan Chase Bank, N.A.","Plano, TX",https://stackoverflow.com/jobs/498514
Product Owner,"JPMorgan Chase Bank, N.A.","Newark, DE",https://stackoverflow.com/jobs/498504
"Senior Software Engineer (Frontend), Imaging, Science",Chan Zuckerberg Initiative,"Redwood City, CA",https://stackoverflow.com/jobs/446367
Dev Ops and Software Engineer - Remote Full-Time W2,TSP Consulting,"Mount Laurel Township, NJ",https://stackoverflow.com/jobs/468083
Senior PHP Developer,Tech9,"Pune, India",https://stackoverflow.com/jobs/498480
CT-RDT-Doc.Mgmt- Java Developer-Bangalore,"JPMorgan Chase Bank, N.A.","Bengaluru, India",https://stackoverflow.com/jobs/498349
Web Developer - Spatial Analyst,Esri,"Redlands, CA",https://stackoverflow.com/jobs/482456
Full Stack Developer (Web & Mobile),Accella,No office location,https://stackoverflow.com/jobs/498246
Computer Vision Software Developer in Test,Apple,"San Diego, CA",https://stackoverflow.com/jobs/498199
Voice and IVR Technical Product Manager,Apple,"Cupertino, CA",https://stackoverflow.com/jobs/456015
Software Developer in Test (Computer Vision ),Apple,"Cupertino, CA",https://stackoverflow.com/jobs/435055
"iOS Engineer, Proactive Experience",Apple,"Cupertino, CA",https://stackoverflow.com/jobs/498163
Bioinformatics Developer,European Bioinformatics Institute (EMBL-EBI),"Hinxton, UK",https://stackoverflow.com/jobs/482419
Software Engineering,"JPMorgan Chase Bank, N.A.","Mumbai, India",https://stackoverflow.com/jobs/497994
React Typescript Developer,Salad Technologies,No office location,https://stackoverflow.com/jobs/498132
Senior UX/UI Designer,Agrian Inc.,"Morrisville, NC",https://stackoverflow.com/jobs/498128
Senior C++ Software Engineer - ArcGIS Runtime,Esri,"Edinburgh, UK",https://stackoverflow.com/jobs/458027
Business Analyst JavaScript Developer,Esri,"Redlands, CA",https://stackoverflow.com/jobs/383625
Senior Frontend Engineer (m/f/x),UP42 GmbH,"Berlin, Germany",https://stackoverflow.com/jobs/498116
Test Automation Engineer,Imaginary Cloud,"Lisbon, Portugal",https://stackoverflow.com/jobs/498105
User Experience Designer,"JPMorgan Chase Bank, N.A.","Columbus, OH",https://stackoverflow.com/jobs/498044
CT-RDT-Accounts- Java Developer-Hyderabad,"JPMorgan Chase Bank, N.A.","Hyderabad, India",https://stackoverflow.com/jobs/497962
Javascript & C# Software Developer,Salad Technologies,No office location,https://stackoverflow.com/jobs/482080
Senior Frontend Engineer,Zip,"Sydney, Australia",https://stackoverflow.com/jobs/467548
Lead UX Designer,OneMain Financial,"Chicago, IL",https://stackoverflow.com/jobs/456299
Senior UI/UX Designer,Files.com,No office location,https://stackoverflow.com/jobs/445661
Software Engineer,Realtor.com,"Austin, TX",https://stackoverflow.com/jobs/497689
Front End Web Designer,LINQ,No office location,https://stackoverflow.com/jobs/497631
Rails Developer,Confluence,"Cape Town, South Africa",https://stackoverflow.com/jobs/457014
Frontend Engineer (m/w/d),sgalinski,No office location,https://stackoverflow.com/jobs/283027
Senior Integrations Engineer (100% Remote),Time Doctor,No office location,https://stackoverflow.com/jobs/497615
Senior Mobile Developer (Android),tastyworks,"Chicago, IL",https://stackoverflow.com/jobs/386500
Software Engineering Manager,Google,"Tokyo, Japan",https://stackoverflow.com/jobs/343566
PHP Developer,PinkWeb B.V.,"Amersfoort, Netherlands",https://stackoverflow.com/jobs/497607
Senior Full Stack Engineer (Remote),Riderflex,"Walnut, CA",https://stackoverflow.com/jobs/497594
Senior Frontend (REACT) Engineer,Givelify,No office location,https://stackoverflow.com/jobs/497591
Senior iOS Engineer,Givelify,No office location,https://stackoverflow.com/jobs/497589
Senior Frontend Developer,Makeen Technologies LLC,No office location,https://stackoverflow.com/jobs/418146
Full stack developer - Java/Angular,"JPMorgan Chase Bank, N.A.","Hyderabad, India",https://stackoverflow.com/jobs/497479
Android Engineer,TrueLayer,"Milano, Italy",https://stackoverflow.com/jobs/481736
UX Designer,FruitStreet Health/CovidMD.com,"San Francisco, CA",https://stackoverflow.com/jobs/383299
Senior Android Engineer,Givelify,No office location,https://stackoverflow.com/jobs/497584
03 Senior .NET Developers,NETPOWER VIETNAMviaTopDev,"Bình Thạnh, Vietnam",https://stackoverflow.com/jobs/467545
Senior Front-end Developer (Vue.js) - Remote,Insider,No office location,https://stackoverflow.com/jobs/456300
Software Architect,Imaginary Cloud,"Lisbon, Portugal",https://stackoverflow.com/jobs/497575
Mobile Developer,Casavo Management SpA,"Milan, Italy",https://stackoverflow.com/jobs/497571
DevOps Engineer,Imaginary Cloud,"Lisbon, Portugal",https://stackoverflow.com/jobs/497568
Native Client UI Engineer,Roon Labs LLC,No office location,https://stackoverflow.com/jobs/393284
Senior Frontend (JS/TS/React) Developer,Prezly,No office location,https://stackoverflow.com/jobs/445418
Java Developer,"JPMorgan Chase Bank, N.A.","Hyderabad, India",https://stackoverflow.com/jobs/497478
UX Designer - Vice President,"JPMorgan Chase Bank, N.A.","Bournemouth, UK",https://stackoverflow.com/jobs/497437
UX Designer - Vice President,"JPMorgan Chase Bank, N.A.","Bournemouth, UK",https://stackoverflow.com/jobs/497423
User Experience Designer,"JPMorgan Chase Bank, N.A.","Plano, TX",https://stackoverflow.com/jobs/497374
Senior Software Engineer - Music Discovery,Epidemic Sound AB,"Stockholm, Sweden",https://stackoverflow.com/jobs/497365
Full-Stack Engineer - Growth Team,Shapr3D,"Budapest, Hungary",https://stackoverflow.com/jobs/454578
Front End Designer/Developer,L2P Enterprise Ltd,No office location,https://stackoverflow.com/jobs/432527
CT-RDT-Pricing- Java Developer-Mumbai,"JPMorgan Chase Bank, N.A.","Mumbai, India",https://stackoverflow.com/jobs/497268
Senior Mobile Developer (React Native),DeansList,"Brooklyn, NY",https://stackoverflow.com/jobs/496840
Lead Application Developer,Zenda,No office location,https://stackoverflow.com/jobs/481222
Lead Front End Engineer,Stardog Union,No office location,https://stackoverflow.com/jobs/460167
Engineering Manager - Payments,Choco,"Berlin, Germany",https://stackoverflow.com/jobs/456731
Senior Full-Stack Engineer (m/f/d),Lumiform,"Berlin, Germany",https://stackoverflow.com/jobs/497110
Software Engineer - Server (APAC),Favorite Medium,Singapore,https://stackoverflow.com/jobs/497082
CT-RDT-Client-Java Developer-Mumbai,"JPMorgan Chase Bank, N.A.","Mumbai, India",https://stackoverflow.com/jobs/497048
Senior Backend Engineer (Python) - Remote,Plentific,"London, UK",https://stackoverflow.com/jobs/497076
Sr. Frontend Engineer,"Slickdeals, LLC","Las Vegas, NV",https://stackoverflow.com/jobs/397622
Full Stack PHP Engineer,"Slickdeals, LLC","Las Vegas, NV",https://stackoverflow.com/jobs/359259
Full-stack Javascript Developer (React.js/Node.js),Imaginary Cloud,"Lisbon, Portugal",https://stackoverflow.com/jobs/497066
Software Engineering,"JPMorgan Chase Bank, N.A.","Houston, TX",https://stackoverflow.com/jobs/497047
Senior Full Stack Developer,SmartLockr,"Amsterdam, Netherlands",https://stackoverflow.com/jobs/456529
Solution Analyst (m/f/d) Customer Products – C# / SAP C/4HANA,HAVI Logistics Business Services GmbH,"Duisburg, Deutschland",https://stackoverflow.com/jobs/480948
CT-RDT-Accounts- Java Developer- Mumbai,"JPMorgan Chase Bank, N.A.","Mumbai, India",https://stackoverflow.com/jobs/496922
Software Engineering Java Micro Services,"JPMorgan Chase Bank, N.A.","Westerville, OH",https://stackoverflow.com/jobs/496905
Scrum Master,"JPMorgan Chase Bank, N.A.","Hyderabad, India",https://stackoverflow.com/jobs/496752
Software Engineering - Java,"JPMorgan Chase Bank, N.A.","Hyderabad, India",https://stackoverflow.com/jobs/496681
Software Engineering,"JPMorgan Chase Bank, N.A.","Hyderabad, India",https://stackoverflow.com/jobs/496665
"Product Manager (Remote, International)",SOCi,"San Diego, CA",https://stackoverflow.com/jobs/496612
Sales Account Manager,WebDevStudios,No office location,https://stackoverflow.com/jobs/496611
React Product Developer - Online Shopper™,Dealer Inspire,No office location,https://stackoverflow.com/jobs/496609
Software Engineering Lead,Studio Science,"Indianapolis, IN",https://stackoverflow.com/jobs/424991
Ruby on Rails Developer,Dealer Inspire,No office location,https://stackoverflow.com/jobs/496604
Full Stack PHP Web Developer,"Outreach, Inc.","Colorado Springs, CO",https://stackoverflow.com/jobs/364886
UX/UI Designer,Haufe Group,"Timișoara, Rumänien",https://stackoverflow.com/jobs/467110
Medior consultant chatbots & voice,Incentro,"Utrecht, Netherlands",https://stackoverflow.com/jobs/444526
Back-End Developer - Python,Imaginary Cloud,"Lisbon, Portugal",https://stackoverflow.com/jobs/496581
Backend Engineer - Podcast Incubation,Spotify,"Stockholm, Sweden",https://stackoverflow.com/jobs/496573
Senior Software Engineer - Frontend (Remote),Web Summit,"Dublin 6, Ireland",https://stackoverflow.com/jobs/289346
System Software Test Engineer,Emerson Sweden,"Mölnlycke, Sweden",https://stackoverflow.com/jobs/496544
Software Engineering,"JPMorgan Chase Bank, N.A.","Mumbai, India",https://stackoverflow.com/jobs/496237
Senior Front End Engineer,Ampersand,"Manchester, UK",https://stackoverflow.com/jobs/496028
Front End Software Engineer,Ampersand,"Manchester, UK",https://stackoverflow.com/jobs/496027
Senior Android Engineer,trivago N.V.,"Düsseldorf, Germany",https://stackoverflow.com/jobs/471382
Software Engineer - Java,"JPMorgan Chase Bank, N.A.","Hyderabad, India",https://stackoverflow.com/jobs/496447
Frontend Engineer – UX,trivago N.V.,"Düsseldorf, Germany",https://stackoverflow.com/jobs/472230
Visual Designer,MapLarge,No office location,https://stackoverflow.com/jobs/165111
Full Stack Web Developer,Sunrise Brands,No office location,https://stackoverflow.com/jobs/409612
Full-Stack Developer,ClaimPilot,"College Station, TX",https://stackoverflow.com/jobs/366719
ICT Analyst [Website Analyst – Nature-based solutions],UNOPS - The United Nations Office for Project Services,No office location,https://stackoverflow.com/jobs/496009
DevOps Engineer (ACE) - Innovating engineering productivity for public good,Government Technology Agency of Singapore,Singapore,https://stackoverflow.com/jobs/409518
3D Software Developer (SNPS) - Build 3D models for public good,Government Technology Agency of Singapore,Singapore,https://stackoverflow.com/jobs/409517
Data Engineer - Build data infrastructure for public good,Government Technology Agency of Singapore,Singapore,https://stackoverflow.com/jobs/409516
Full Stack Developer (SNPS) - Build platforms at national scale,Government Technology Agency of Singapore,Singapore,https://stackoverflow.com/jobs/409515
"CIB - UI Visual Designer, Associate","JPMorgan Chase Bank, N.A.","New York, NY",https://stackoverflow.com/jobs/495920
Business UAT Analyst I  (Accessibility tester),"JPMorgan Chase Bank, N.A.","Wilmington, DE",https://stackoverflow.com/jobs/495904
Front End Software Engineer - Javascript/Angular JS,"JPMorgan Chase Bank, N.A.","Wilmington, DE",https://stackoverflow.com/jobs/495887
Drupal Front-End Developer,Compucorp,"London, UK",https://stackoverflow.com/jobs/466277
Software Development Lead - Payments,Network Guard,Hong Kong,https://stackoverflow.com/jobs/466275
Fullstack Developer (f/m/d),Kolibri Games,"Berlin, Germany",https://stackoverflow.com/jobs/495724
Fullstack Engineer for Product Engineering,Trustpilot,"Copenhagen, Denmark",https://stackoverflow.com/jobs/495718
フロントエンドエンジニア,HENNGE K.K.,"Tokyo, Japan",https://stackoverflow.com/jobs/381284
React Native Engineer,AQAR Application Company,"Riyadh, Saudi Arabia",https://stackoverflow.com/jobs/495709
Front-End Software Engineer,HENNGE K.K.,"Tokyo, Japan",https://stackoverflow.com/jobs/381280
Full Stack Developer (m/w/d),Haufe Group,"Freiburg im Breisgau, Germany",https://stackoverflow.com/jobs/455781
"Digital - Sr. User Experience Designer, Associate","JPMorgan Chase Bank, N.A.","New York, NY",https://stackoverflow.com/jobs/494833
Frontend Developer - Angular (f/m/d),Kapsch Group,"Wien, Österreich",https://stackoverflow.com/jobs/398117
Frontend Developer in Copenhagen/Stockholm,Nets Group,"Ballerup, Denmark",https://stackoverflow.com/jobs/439741
CIB - Design Strategist Associate,"JPMorgan Chase Bank, N.A.","New York, NY",https://stackoverflow.com/jobs/495353
Software Engineer - Backend/Server,Shopee Singapore Private Limited,Singapore,https://stackoverflow.com/jobs/398052
Senior Developer - React Native,TeamGenius,No office location,https://stackoverflow.com/jobs/479598
"CIB- Sr. User Experience Designer, Associate","JPMorgan Chase Bank, N.A.","New York, NY",https://stackoverflow.com/jobs/495257
Front End Developer,Intelage,No office location,https://stackoverflow.com/jobs/478511
Senior Software Engineering Manager,Ascend Analytics,"Boulder, CO",https://stackoverflow.com/jobs/443765
Sr. .NET Programmer,William Fall Group,"Toledo, OH",https://stackoverflow.com/jobs/443614
Intermediate PHP Developer with CMS Experience,Code Koalas,"Kansas City, MO",https://stackoverflow.com/jobs/371426
React Native Engineer (Senior),CoinGecko,"Petaling Jaya, Malaysia",https://stackoverflow.com/jobs/455610
UI/UX Designer/in und Frontend Entwickler/in,vlot,"Basel, Switzerland",https://stackoverflow.com/jobs/365629
"Digital -Senior User Experience Designer, Associate","JPMorgan Chase Bank, N.A.","Plano, TX",https://stackoverflow.com/jobs/494959
Front-End Developer (Mid),EnebaviaWork in Lithuania,"Kaunas, Lithuania",https://stackoverflow.com/jobs/465564
Senior Front End Developer.,Crafted,"Ipswich, UK",https://stackoverflow.com/jobs/443562
API Team Lead,Blackline Safety,"Calgary, AB, Canada",https://stackoverflow.com/jobs/494838
Software Engineering,"JPMorgan Chase Bank, N.A.","Bengaluru, India",https://stackoverflow.com/jobs/494835
Navigator Digital Transformation Product Owner,"JPMorgan Chase Bank, N.A.","Chicago, IL",https://stackoverflow.com/jobs/494655
Front End Web Developer,"Squirrels, LLC","North Canton, OH",https://stackoverflow.com/jobs/494579
Software Engineer Java,"JPMorgan Chase Bank, N.A.","Westerville, OH",https://stackoverflow.com/jobs/494572
Full Stack Developer,Skyword/TrackMaven,"Boston, MA",https://stackoverflow.com/jobs/488091
Android Software Engineer,GoPro,"San Diego, CA",https://stackoverflow.com/jobs/494567
(Senior) Full Stack Entwickler (Java/JavaScript) - innovatives CRM (m/w/d),Haufe Group,"Freiburg im Breisgau, Germany",https://stackoverflow.com/jobs/494565
Senior Product Designer (UX/UI) for Leading Kids Coding Platform,Tynker,No office location,https://stackoverflow.com/jobs/494563
"Digital - Senior User Experience Designer, Associate","JPMorgan Chase Bank, N.A.","New York, NY",https://stackoverflow.com/jobs/494113
Senior Software Engineer (Full-Stack Web Apps),Direct Supply,"Milwaukee, WI",https://stackoverflow.com/jobs/494559
Product Designer,Emporos Systems Corporation,"Charlotte, NC",https://stackoverflow.com/jobs/443008
Agile Product Delivery Lead,Twipe Mobile Solutions NV,"Leuven, Belgium",https://stackoverflow.com/jobs/478773
Full Stack Web Developer (m/w/d),VEACT GmbH,"München, Deutschland",https://stackoverflow.com/jobs/494523
React Native Developer,24i Unit Media BV,"Brno, Czechia",https://stackoverflow.com/jobs/494517
"Asset and Wealth Management, Change Mobilization, Paperless Product Owner, VP","JPMorgan Chase Bank, N.A.","Jersey City, NJ",https://stackoverflow.com/jobs/494258
Softwareentwickler (m/w/d) JavaScript,SPIRIT/21 GmbH,"Böblingen, Deutschland",https://stackoverflow.com/jobs/292364
Ionic Developer with flexible remote/in-office schedule,JobNimbus,"Lehi, UT",https://stackoverflow.com/jobs/429897
Senior Mobile App Developer - Ionic with flexible remote/in-office schedule,JobNimbus,"Lehi, UT",https://stackoverflow.com/jobs/429708
Print Graphic Designer / UX & UI Specialist,Neighborhood Loans,"Downers Grove, IL",https://stackoverflow.com/jobs/493923
Senior Front-end Engineer,Bloomreach,No office location,https://stackoverflow.com/jobs/478212
Full Stack Software Engineer - Mobile Healthcare,Medsphere,No office location,https://stackoverflow.com/jobs/406291
PHP Developer (f/m/d),Fusonic,"Götzis, Austria",https://stackoverflow.com/jobs/195184
Product Manager - ElasticSearch / SOLR,Market America / Shop.com,No office location,https://stackoverflow.com/jobs/478209
Senior Drupal Developer For Fast-Paced Consulting Company,"Portland Webworks, Inc.","Portland, ME",https://stackoverflow.com/jobs/273098
Senior Frontend Engineer React (60%-100%),nexoya,"Belgrade, Serbia",https://stackoverflow.com/jobs/493891
Frontend Developer Angular (m/f/d),Entimo AG,"Berlin, Deutschland",https://stackoverflow.com/jobs/395464
Front-End developer,Workspace 365 (New Day at Work),"Nijkerk, Netherlands",https://stackoverflow.com/jobs/408461
Product Manager,Simplero,No office location,https://stackoverflow.com/jobs/493261
Senior Frontend Engineer,App Annie,"Vancouver, BC, Canada",https://stackoverflow.com/jobs/455038
Senior Software Engineer (Frontend Development),Waters Corporation Ltd.,"Wilmslow, UK",https://stackoverflow.com/jobs/493227
Backend Engineer that loves Node/TypeScript/GraphQL to help build our API,Chalkboard Software Limited,"Manchester, UK",https://stackoverflow.com/jobs/493217
Frontend Developer,Frequenz Energy-as-a-Service GmbH,"Berlin, Germany",https://stackoverflow.com/jobs/492897
Frontend Developer (f/m/d),XOM Materials GmbH,"Berlin, Deutschland",https://stackoverflow.com/jobs/454999
Frontend Developer,"Frotcom International, S.A.","Carnaxide, Portugal",https://stackoverflow.com/jobs/441402
Front-end Software Engineer - Deliver citizen-centric web apps,Government Technology Agency of Singapore,Singapore,https://stackoverflow.com/jobs/408128
Lead DevOps Engineer - Deliver robust infrastructure services for public good,Government Technology Agency of Singapore,Singapore,https://stackoverflow.com/jobs/408124
Software Engineer - Build digital solutions for the public good,Government Technology Agency of Singapore,Singapore,https://stackoverflow.com/jobs/408126
Web und mobile App Entwickler*in,BEKO Engineering & Informatik GmbH,"Wien, Österreich",https://stackoverflow.com/jobs/477588
Angular Frontend Developer (m/w/d),3DQR GmbH,"Magdeburg, Deutschland",https://stackoverflow.com/jobs/493190
Frontend Developer (m/w/d),Geutebrück GmbH,"Bonn, Deutschland",https://stackoverflow.com/jobs/492924
Lead Vue.js / PHP developer,HUBX,No office location,https://stackoverflow.com/jobs/397027
Software Engineer (.NET),funda,"Amsterdam, Netherlands",https://stackoverflow.com/jobs/492916
Senior Web Developer Frontend (m/w/d),spheos GmbH & Co.KG',"Munich, Germany",https://stackoverflow.com/jobs/477298
"Full Stack Web Developer (Remote, International)",SOCi,"San Diego, CA",https://stackoverflow.com/jobs/492906
Senior Front-End Engineer,Jibble,No office location,https://stackoverflow.com/jobs/492863
Senior UI/UX Designer,LE Commsulting GmbH,"Berlin, Deutschland",https://stackoverflow.com/jobs/477068
"Senior Engineer, Content",Homer,No office location,https://stackoverflow.com/jobs/492555
Senior Fullstack Engineer,PlusDental,"Berlin, Germany",https://stackoverflow.com/jobs/463930
Senior UI/UX Designer (m/f/d),Snapview GmbH,No office location,https://stackoverflow.com/jobs/492509
UX Designer,"JPMorgan Chase Bank, N.A.","Bengaluru, India",https://stackoverflow.com/jobs/492442
Senior Web Architect (.NET / Javascript),Arcanys,No office location,https://stackoverflow.com/jobs/243370
.NET Developer / Senior .NET Developer,Arcanys,"Cebu City, Philippines",https://stackoverflow.com/jobs/243371
Javascript Developer - Angular or Node.js,Arcanys,"Cebu City, Philippines",https://stackoverflow.com/jobs/243375
iOS Engineer,Choco,"Berlin, Germany",https://stackoverflow.com/jobs/463811
Senior Backend Developer,Nebulab,No office location,https://stackoverflow.com/jobs/492307
Full Stack Software Engineer (all genders),Zühlke Engineering Austria,"Wien, Austria",https://stackoverflow.com/jobs/454632
Senior Front-End Developer (m/f/d) - for legal tech startup in Berlin,DataGuard,"Berlin, Deutschland",https://stackoverflow.com/jobs/463805
Front End Developer,Formstack,"Fishers, IN",https://stackoverflow.com/jobs/491956
Full Stack Software Engineer,"JPMorgan Chase Bank, N.A.","Glasgow, UK",https://stackoverflow.com/jobs/490299
Front-end Web Developer for Climate,"Climate Central, Inc.",No office location,https://stackoverflow.com/jobs/491953
Senior UX / UI Designer (f/m/x),Mister Spex,"Berlin, Germany",https://stackoverflow.com/jobs/491952
Fullstack Engineer for Product Engineering,Trustpilot,"Vilnius, Lithuania",https://stackoverflow.com/jobs/463558
Engineering Manager,Akeneo,"Nantes, France",https://stackoverflow.com/jobs/491905
Frontend- / UX/UI-Developer (m/w/d),Just Spices GmbH,"Düsseldorf, Deutschland",https://stackoverflow.com/jobs/428547
UI/UX Designer (m/w/d),Deutscher Landwirtschaftsverlag GmbH,"München, Deutschland",https://stackoverflow.com/jobs/491623
Senior FrontEnd Engineer - Angular,Hearst Magazines,"Chicago, IL",https://stackoverflow.com/jobs/491611
Java Developer - Full Stack Software Engineer,"JPMorgan Chase Bank, N.A.","London, UK",https://stackoverflow.com/jobs/491494
UX & Prototype Designer,Avaloq,"Zürich, Switzerland",https://stackoverflow.com/jobs/491336
"Director of Product Management, Consumer Distribution Partnerships",Audible,"Newark, NJ",https://stackoverflow.com/jobs/490783
Senior Product Designer,Tessian,"London, UK",https://stackoverflow.com/jobs/475366
Software Development Lead - Payments,Network Guard,Singapore,https://stackoverflow.com/jobs/462640
Frontend Developer,AirLST GmbH,"München, Deutschland",https://stackoverflow.com/jobs/304709
Senior Frontend Engineer (m/w/d),Finanzchef24 GmbH,"München, Germany",https://stackoverflow.com/jobs/206824
Senior Backend Web Developer (m/w/x) Magento 2/ Shopware 6,Flagbit GmbH & Co. KG,"Karlsruhe, Deutschland",https://stackoverflow.com/jobs/183457
Front End UI Engineer,Market America / Shop.com,"Monterey, CA",https://stackoverflow.com/jobs/490157
Senior Full Stack Developer,Applied Research Associates,"Raleigh, NC",https://stackoverflow.com/jobs/490153
Full Stack / Cloud Deployment Senior Developer,Applied Research Associates,"Raleigh, NC",https://stackoverflow.com/jobs/490151
UX Designer - Remote Connectivity Framework,SAP,"Gliwice, Poland",https://stackoverflow.com/jobs/470723
Senior User Experience Design Specialist - Industry Cloud IM&C Asset Centric Service (6-9 Yrs),SAP,"Bengaluru, India",https://stackoverflow.com/jobs/490123
(Senior) Software Developer (f/m/d) in SAP Analytics Cloud,SAP,"Dresden, Germany",https://stackoverflow.com/jobs/490121
Frontend Engineer - ReactJS,Choco,"Berlin, Germany",https://stackoverflow.com/jobs/490114
Quality Assurance Engineer,Casavo Management SpA,"Milan, Italy",https://stackoverflow.com/jobs/474767
Senior Backend Developer,Casavo Management SpA,"Milan, Italy",https://stackoverflow.com/jobs/474764
Digital Sr User Experience Designer,"JPMorgan Chase Bank, N.A.","Wilmington, DE",https://stackoverflow.com/jobs/474182
Angular Developer (f/m/d),Fusonic,"Götzis, Austria",https://stackoverflow.com/jobs/232265
Full Stack Javascript / C# Engineer 2021/01,AssureSign,"Atlanta, GA",https://stackoverflow.com/jobs/490093
C# / .NET Developer (f/m/d),Fusonic,"Götzis, Austria",https://stackoverflow.com/jobs/232275
QA Automation Engineer,Zattoo,"Berlin, Germany",https://stackoverflow.com/jobs/474730
"Software Engineering Team Lead - We're scaling fast, come join the team!",Paddle,"London, UK",https://stackoverflow.com/jobs/474723
Frontend Entwickler (m/w/d) JSF,CADENAS GmbH,"Augsburg, Deutschland",https://stackoverflow.com/jobs/474140
PayPay iOS Engineer,Fourth Valley Concierge Corporation,"Tokyo, Japan",https://stackoverflow.com/jobs/433841
Frontend developer @ fraud fighting startup,summitto,"Amsterdam, Netherlands",https://stackoverflow.com/jobs/489710
"Senior Software Engineer (Scientific), Imaging, Science",Chan Zuckerberg Initiative,"Redwood City, CA",https://stackoverflow.com/jobs/474461
Full Stack Engineer,"WorkLLama, LLC","Alpharetta, GA",https://stackoverflow.com/jobs/489630
Senior iOS Engineer (m/f/d),Lumiform,"Berlin, Germany",https://stackoverflow.com/jobs/474187
"Senior Software Engineer, Full Stack (Order Squad)",Rivian,"Palo Alto, CA",https://stackoverflow.com/jobs/474185
Solutions Architect - Discovery - Remote,"Theorem, LLC",No office location,https://stackoverflow.com/jobs/489611
Frontend Web Developer (m/f/x),refurbed,No office location,https://stackoverflow.com/jobs/361674
Full Stack Developer,THEO Technologies NV,"Leuven, Belgium",https://stackoverflow.com/jobs/474171
Remote Senior Front-End Software Engineer,The Sensible Code Company,"Belfast, UK",https://stackoverflow.com/jobs/474156
Software Engineering - Java,"JPMorgan Chase Bank, N.A.","Bengaluru, India",https://stackoverflow.com/jobs/489505
"CIB -  Senior Design Strategist, Vice President","JPMorgan Chase Bank, N.A.","New York, NY",https://stackoverflow.com/jobs/489501
Web Developer (w/m/d),DE-CIX Management GmbH,"Frankfurt, Germany",https://stackoverflow.com/jobs/489452
Senior Full Stack Engineer (Remote-LATAM),Loadsmart,No office location,https://stackoverflow.com/jobs/458211
PHP Developer (f/m/d) Remote/Homeoffice - WordPress Projects at Enterprise Level,Inpsyde GmbH,No office location,https://stackoverflow.com/jobs/229477
Software Engineer - Java Developer,"JPMorgan Chase Bank, N.A.","Hyderabad, India",https://stackoverflow.com/jobs/489085
iOS Engineer【Full-Remote work in Japan】,PayPay Corporation.,"Minato City, Japan",https://stackoverflow.com/jobs/291981
Android Engineer【Full-Remote work in Japan】,PayPay Corporation.,"Minato City, Japan",https://stackoverflow.com/jobs/291982
Senior Product Designer (m/f/d),Wunder Mobility,"Dortmund, Germany",https://stackoverflow.com/jobs/488048
Senior Full-Stack Developer (React & Node.js),Seven Peaks Software,"Khwaeng Khlong Toei, Thailand",https://stackoverflow.com/jobs/474102
Senior Front-end Engineer,MedExpress Enterprises Ltd,"London, UK",https://stackoverflow.com/jobs/438811
Senior Frontend (React) Developer,Seven Peaks Software,"Khwaeng Khlong Toei, Thailand",https://stackoverflow.com/jobs/474100
Java Developer,"JPMorgan Chase Bank, N.A.","Hyderabad, India",https://stackoverflow.com/jobs/488546
Mobile React Developer,Chessable Limited,"Barcelona, Spain",https://stackoverflow.com/jobs/488334
Senior Software Engineer,Stott and May Inc.viaStott and May Inc.,No office location,https://stackoverflow.com/jobs/452128
Full Stack Software Developer,LaunchPad Lab,No office location,https://stackoverflow.com/jobs/473491
UI/UX Design Lead,Socure,No office location,https://stackoverflow.com/jobs/488077
Sr. JavaScript Developer - Knowledge Graphs,Esri,"Redlands, CA",https://stackoverflow.com/jobs/427301
IVR Software Engineer,Vail Systems Inc.,"Chicago, IL",https://stackoverflow.com/jobs/451990
Frontend Developer- Logistics Technology,Just Eat Takeaway.com,"Berlin, Germany",https://stackoverflow.com/jobs/488062
Senior Product Designer,SocialChorus,No office location,https://stackoverflow.com/jobs/451957
Senior Android Developer,Atomic Robot,"Mason, OH",https://stackoverflow.com/jobs/454740
Software Engineer,Atomic Robot,"Mason, OH",https://stackoverflow.com/jobs/488052
Senior Web Designer,iKhokha,"Durban, South Africa",https://stackoverflow.com/jobs/451934
Xamarin Mobile App Developer,Acolyte Group,No office location,https://stackoverflow.com/jobs/451931
"Mobile App Architect for Mobile Team in Lynge, Denmark",WS Audiology,"Lynge, Denmark",https://stackoverflow.com/jobs/473442
Fullstack Software Engineer - Music Discovery,Epidemic Sound AB,"Stockholm, Sweden",https://stackoverflow.com/jobs/468730
Senior Backend Developer,Storytel,"Stockholm, Sweden",https://stackoverflow.com/jobs/487860
Client Engineer (React & React Native),"CompanyCam, Inc","Lincoln, NE",https://stackoverflow.com/jobs/399500
Backend Engineer (Ruby on Rails),"CompanyCam, Inc","Lincoln, NE",https://stackoverflow.com/jobs/399501
Senior Java Developer,JPMorgan Chase & Co.,"Mumbai, India",https://stackoverflow.com/jobs/438472
Java Documentation Developer,Superior Traffic Services,"Missoula, MT",https://stackoverflow.com/jobs/461371
Haskell Developer,Holmusk,No office location,https://stackoverflow.com/jobs/406253
Senior Frontend Engineer (m/w/x) - remote possible,Jimdo,"Hamburg, Germany",https://stackoverflow.com/jobs/460639
Full Stack Software Engineer,Tails.com,"Richmond, UK",https://stackoverflow.com/jobs/487607
"Experienced React + VanillaJS Engineer, FinTech",TotallyMoney,"London, UK",https://stackoverflow.com/jobs/316009
Testare? Fight cancer with code!,RaySearch Laboratories AB (publ),"Stockholm, Sweden",https://stackoverflow.com/jobs/487472
Web Developer for Angular Application,Tablet Solutions GmbH,"Wien, Austria",https://stackoverflow.com/jobs/406186
User Experience (UX) Designer,Assent Compliance,No office location,https://stackoverflow.com/jobs/487281
Senior FrontEnd Engineer - Cairo - Egypt,Vezeeta,"Masr Al Jadidah, Egypt",https://stackoverflow.com/jobs/375383
Mobile QA Engineer - Android,ASOS,"Birmingham, UK",https://stackoverflow.com/jobs/487252
iOS Engineer  - Working in Japan,LINE Fukuoka,"Fukuoka, Japan",https://stackoverflow.com/jobs/450353
Software Engineer (Java) (f/m/d),XOM Materials GmbH,"Berlin, Deutschland",https://stackoverflow.com/jobs/401361
Site Reliability Engineer,Zattoo,"Berlin, Germany",https://stackoverflow.com/jobs/472441
Frontend Engineer (Web Platform),Zattoo,"Berlin, Germany",https://stackoverflow.com/jobs/472440
Backend Engineer (Python),Zattoo,"Berlin, Germany",https://stackoverflow.com/jobs/472439
Senior Clojure Engineer,Deep Impact AG,"Winterthur, Switzerland",https://stackoverflow.com/jobs/403328
Senior Backend Engineer (m/w/x) - remote possible,Jimdo,"Hamburg, Germany",https://stackoverflow.com/jobs/435270
Fullstack Entwickler*in,Alnatura Produktions- und Handels GmbH,"Darmstadt, Deutschland",https://stackoverflow.com/jobs/472380
UI/UX Designer,Integrated Computer Systems,"McKinney, TX",https://stackoverflow.com/jobs/457868
Senior Platform Software Developer (C#),Care Continuity,No office location,https://stackoverflow.com/jobs/433594
UI/UX Designer (m/f/d),snapADDY GmbH,"Würzburg, Germany",https://stackoverflow.com/jobs/367173
Founding Engineer - Socratic,Unusual Ventures,No office location,https://stackoverflow.com/jobs/486592
UI/UX Designer / Product Owner,SmartDrone,"Tyler, TX",https://stackoverflow.com/jobs/486399
C++ Software Engineer - BIM,Zuru Tech Italy,No office location,https://stackoverflow.com/jobs/486390
React Engineer,"Trellis, Inc.","Malden, MA",https://stackoverflow.com/jobs/486389
Senior Product Designer,Nexthink,No office location,https://stackoverflow.com/jobs/471578
Senior Frontend Developer (m/f/d),Skoobe,"München, Deutschland",https://stackoverflow.com/jobs/486382
"Fullstack Developer - (Focus Backend) JS, Node, React",Boehringer Ingelheim,"Vienna, Austria",https://stackoverflow.com/jobs/485987
Full Stack Entwickler (Java/JavaScript) - innovative Rechnungsstellung (m/w/d),Haufe Group,"Freiburg im Breisgau, Germany",https://stackoverflow.com/jobs/454649
Senior Back End Engineer - Java / Kotlin / Python,teckro,"Dublin, Ireland",https://stackoverflow.com/jobs/403329
UI/UX Engineer for Web Portals and Web Applications (f/m/d),Erste Group,"Wien, Österreich",https://stackoverflow.com/jobs/459587
Senior Ruby Developer,Red Ant,No office location,https://stackoverflow.com/jobs/486192
Staff Frontend Engineer,"NuffSaid, Inc.","San Francisco, CA",https://stackoverflow.com/jobs/471354
Front-End Wordpress Web Developer,Blacksmith Agency,No office location,https://stackoverflow.com/jobs/436336
Senior Front End Engineer,Primer AI,"San Francisco, CA",https://stackoverflow.com/jobs/424344
Software Engineer (Frontend),Fei Siong Food Management Pte. Ltd.,Singapore,https://stackoverflow.com/jobs/422615
Lead Application Developer / Technical Project Manager,MapLarge,"Atlanta, GA",https://stackoverflow.com/jobs/160721
(Senior) iOS Engineer at Stocard - The Mobile Wallet - 50 mio users (full-time),Stocard GmbH,"Mannheim, Germany",https://stackoverflow.com/jobs/485957
"Software Engineer – Frontend (React, React Native) (f/m/x) Mid-level / Senior",Curalie GmbH,"Berlin, Deutschland",https://stackoverflow.com/jobs/485960
Senior React Engineer,VidMob,"Pittsfield, MA",https://stackoverflow.com/jobs/485599
Full-Stack Developer,FlexEarn,"London, UK",https://stackoverflow.com/jobs/485775
Praktikum Softwareentwicklung (f/m/d),Fusonic,"Götzis, Austria",https://stackoverflow.com/jobs/485771
Software Engineer in Test (remote),Web Summit,No office location,https://stackoverflow.com/jobs/427673
UI/UX Designer (m/w/x),ALDI International Services GmbH & Co. oHG,"Mülheim, Germany",https://stackoverflow.com/jobs/485767
Senior Web Developer Frontend (w/m/x),Avenga Germany GmbH,"Berlin, Deutschland",https://stackoverflow.com/jobs/455228
Engineering Manager,Google,"Mountain View, CA",https://stackoverflow.com/jobs/485752
Sr. Data Engineer,MasterClass,"San Francisco, CA",https://stackoverflow.com/jobs/449212
JavaScript/TypeScript Node Developer - Remote Full-Time W2,TSP Consulting,"Mount Laurel Township, NJ",https://stackoverflow.com/jobs/394891
Senior UI Engineer with AEM,Hearst Magazines,"Chicago, IL",https://stackoverflow.com/jobs/485592
"Cloud Software Engineer (w/m/d) DevOps, Kotlin & Microservices | Product Lab",Otto (GmbH & Co KG),"Hamburg, Deutschland",https://stackoverflow.com/jobs/485584
Senior UX Designer/Web-Developer/Senior Web-Designer Frontend (m/w/d),cusati media GmbH,No office location,https://stackoverflow.com/jobs/485576
"Engineering Manager, Google Cloud Platform",Google,"Warsaw, Poland",https://stackoverflow.com/jobs/311866
Engineering Manager (m/w/x) - remote possible,Jimdo,"Hamburg, Germany",https://stackoverflow.com/jobs/435308
Engineering Manager,Google,"Pittsburgh, PA",https://stackoverflow.com/jobs/311839
Software Architect / Code Reviewer / Mentor - Part-time,Arcanys,No office location,https://stackoverflow.com/jobs/485542
Android Developer - Kotlin Android SDK OOP RESTful APIs,ClearScore,"London, UK",https://stackoverflow.com/jobs/269609
Lead Engineer - Join our growing team of 40+ software engineers,Tails.com,"Richmond, UK",https://stackoverflow.com/jobs/391983
UX Designer,Bannersnack,No office location,https://stackoverflow.com/jobs/470565
Product Designer (UX/UI) - Australia (remote),Octopus Deploy,No office location,https://stackoverflow.com/jobs/485288
Software Engineer,Fresh Equities,"Melbourne, Australia",https://stackoverflow.com/jobs/470538
Software Engineer - Full Stack Java Developer,"JPMorgan Chase Bank, N.A.","Lewisville, TX",https://stackoverflow.com/jobs/485077
Senior Product Designer,Memri B.V,"Amsterdam, Netherlands",https://stackoverflow.com/jobs/485052
Frontend Entwickler,Thalia Bücher GmbH,"Münster, Deutschland",https://stackoverflow.com/jobs/485048
Full-Stack PHP Web Developer,D3R,"Chichester, UK",https://stackoverflow.com/jobs/282255
Senior Front-End Developer (m/f/d) - for legal tech startup in Munich,DataGuard,"München, Deutschland",https://stackoverflow.com/jobs/281206
Technical Product Manager,Proofpoint,"Tel Aviv-Yafo, Israel",https://stackoverflow.com/jobs/392994
C++ Cross-platform Application Developer,The Focusrite Group,"London, UK",https://stackoverflow.com/jobs/484642
Product Designer (HTML & CSS),Tripaneer,"Amsterdam, Netherlands",https://stackoverflow.com/jobs/423572
Native Mobile App Engineer that loves Swift/Kotlin or both,Chalkboard Software Limited,"Manchester, UK",https://stackoverflow.com/jobs/458141
Senior React Engineer with eye for design - London or remote (in EU time-zone),Cleo AI,"London, UK",https://stackoverflow.com/jobs/423181
Full Stack C# .NET Developer,Academica Virtual Education LLC,No office location,https://stackoverflow.com/jobs/447558
Front-End Software Engineer,Mimacom,"Zürich, Switzerland",https://stackoverflow.com/jobs/412730
User Interface Engineer (f/m/d),alfatraining Bildungszentrum GmbH,"Stuttgart, Deutschland",https://stackoverflow.com/jobs/266652
QA Tester,Nurole Ltd,"London, UK",https://stackoverflow.com/jobs/331256
Senior UI / UX Designer,MapLarge,"Atlanta, GA",https://stackoverflow.com/jobs/152062
